{
  "id": 0,
  "resolution": [
    1920,
    1080
  ],
  "pose": {
    "angle": 0.0,
    "dist": 0.0,
    "height": 0.0,
    "yaw": 0.0,
    "pitch": 0.0,
    "roll": 0.0
  },
  "fov": [
    0.0,
    0.0
  ],
  "intrinsic_matrix": {
    "v": 1,
    "dim": [
      3,
      3
    ],
    "data": [
      1436.6664781185477,
      0.0,
      899.7753394607495,
      0.0,
      1436.3898005655842,
      525.7976041088189,
      0.0,
      0.0,
      1.0
    ]
  },
  "distortion_coeffs": {
    "v": 1,
    "dim": [
      5
    ],
    "data": [
      0.016521370370452988,
      0.034923659928447856,
      -0.0028850955757847054,
      -0.0038064666120326872,
      -0.2187993013034726
    ]
  }
}
